Class,Sitename,DN,WL,Slope,Level,Irrad,Aspect
遺跡,共和遺跡,40,160.312194824219,3.16395664215088,113.312957763672,5257.76904296875,南
遺跡,姫川２遺跡,20,92.195442199707,1.84167492389679,16.1663265228271,5237.21142578125,北
遺跡,オカシ内２遺跡,40,82.4621124267578,8.74778366088867,18.6467666625977,5211.8134765625,南
遺跡,オカシ内遺跡,30,134.536239624023,4.23144769668579,41.0388793945312,5237.8154296875,西
遺跡,シビの岬遺跡,40,150,2.7684543132782,51.2274780273438,5216.837890625,南
遺跡,旭岱２遺跡,30,148.660690307617,0.868653893470764,21.3068752288818,5238.83837890625,西
遺跡,旭岱３遺跡,40,164.01220703125,6.64393043518066,45.8252143859863,5243.1728515625,南
遺跡,栄浜１０遺跡,40,222.036041259766,10.3650255203247,27.1249694824219,5214.52099609375,南
遺跡,栄浜２遺跡,40,500,4.28286695480347,21.2050457000732,5234.62841796875,南
遺跡,栄浜４遺跡,10,599.082641601562,7.87142276763916,36.7111701965332,5216.5009765625,東
遺跡,栄浜５遺跡,40,841.546142578125,5.7072172164917,67.0311813354492,5243.93359375,南
遺跡,栄浜６遺跡,10,388.329772949219,4.04382467269897,23.7323169708252,5234.955078125,東
遺跡,栄浜７遺跡,10,281.6025390625,1.35125422477722,9.63666915893555,5211.78173828125,東
遺跡,栄浜８遺跡,10,301.496276855469,4.01077079772949,20.2184715270996,5233.9013671875,東
遺跡,栄浜９遺跡,10,310.161254882812,6.33832263946533,23.2714443206787,5234.359375,東
遺跡,栄浜遺跡,10,303.64453125,10.286470413208,13.7563457489014,5212.791015625,東
遺跡,栄野遺跡,40,100,4.76338005065918,27.408805847168,5235.51611328125,南
遺跡,乙部遺跡,20,272.029418945312,20.8327789306641,28.7302379608154,5199.0654296875,北
遺跡,開進遺跡,40,250.798721313477,26.5693340301514,25.9681911468506,5163.56982421875,南
遺跡,館浦Ｂ遺跡,40,161.245147705078,1.66261208057404,9.83044624328613,5236.88720703125,南
遺跡,館浦遺跡,10,152.315460205078,3.850825548172,13.8237571716309,5236.18408203125,東
遺跡,権現山遺跡,40,197.230834960938,1.90155935287476,8.89283466339111,5232.35009765625,南
遺跡,元町２遺跡,20,446.542297363281,21.3808193206787,51.7255821228027,5075.77294921875,北
遺跡,元和１０遺跡,40,70,7.67070293426514,57.6549987792969,5241.36279296875,南
遺跡,元和１１遺跡,10,90,1.53695940971375,46.686164855957,5142.57763671875,東
遺跡,元和１２遺跡,30,190,6.10821008682251,48.393497467041,5164.4736328125,西
遺跡,元和１３遺跡,30,297.321380615234,4.00168800354004,46.3363494873047,5218.4326171875,西
遺跡,元和１４遺跡,40,720,12.5917091369629,39.2051849365234,5239.015625,南
遺跡,元和１５遺跡,30,84.8528137207031,24.613338470459,46.4698371887207,5069.0537109375,西
遺跡,元和１６遺跡,30,380.131561279297,4.72105026245117,99.9622573852539,5249.2578125,西
遺跡,元和２遺跡,30,30,4.61036539077759,47.7894821166992,5239.6171875,西
遺跡,元和３遺跡,30,300,6.32058000564575,47.4677543640137,5218.75341796875,西
遺跡,元和６遺跡,30,550.363525390625,0.19930511713028,40.1049537658691,5238.70166015625,西
遺跡,元和７遺跡,30,400,1.92896628379822,42.2829322814941,5238.96533203125,西
遺跡,元和８遺跡,30,290,2.80740928649902,43.7746810913086,5239.05419921875,西
遺跡,元和９遺跡,30,200,2.84507870674133,45.3643074035645,5218.87890625,西
遺跡,元和遺跡,30,440,3.04982042312622,47.7808456420898,5219.66259765625,西
遺跡,元和分校遺跡,40,107.70329284668,13.2324695587158,36.6112289428711,5215.1630859375,南
遺跡,三ツ谷Ｂ遺跡,40,40,6.26252126693726,6.64850854873657,5155.32568359375,南
遺跡,三ツ谷遺跡,40,10,27.7627811431885,26.3479976654053,5213.2626953125,南
遺跡,三ツ谷貝塚,30,130,12.6147956848145,7.71288824081421,5209.8681640625,西
遺跡,小坂下Ａ遺跡,30,80,0.592482089996338,14.9809808731079,5237.28857421875,西
遺跡,小坂下Ｂ遺跡,30,152.970581054688,1.41424655914307,19.0819873809814,5238.01513671875,西
遺跡,小川遺跡,20,396.610656738281,2.32778263092041,13.6275129318237,5161.94970703125,北
遺跡,小茂内遺跡,30,136.014709472656,8.6026725769043,17.9077339172363,5161.0458984375,西
遺跡,千岱野遺跡,30,725.603149414062,2.5626392364502,93.8524475097656,5251.552734375,西
遺跡,滝瀬１０遺跡,30,100,20.8821620941162,16.5350036621094,4934.53515625,西
遺跡,滝瀬１１遺跡,40,134.164077758789,9.80888843536377,24.9085426330566,5240.6025390625,南
遺跡,滝瀬１２遺跡,10,36.0555114746094,7.17455101013184,19.5340805053711,5219.16162109375,東
遺跡,滝瀬１３遺跡,40,53.8516464233398,19.8604984283447,31.713794708252,5243.01220703125,南
遺跡,滝瀬２遺跡,20,120.830459594727,4.50794982910156,26.0129108428955,5240.57373046875,北
遺跡,滝瀬３遺跡,20,258.069763183594,2.1716730594635,34.5121650695801,5242.33935546875,北
遺跡,滝瀬４遺跡,30,67.0820388793945,3.66588973999023,26.1088199615479,5241.68115234375,西
遺跡,滝瀬５遺跡,20,228.254241943359,1.32261836528778,30.5183181762695,5242.3154296875,北
遺跡,滝瀬６遺跡,30,30,21.4838771820068,53.1457328796387,4940.37939453125,西
遺跡,滝瀬７遺跡,10,22.3606796264648,24.8046760559082,19.9935264587402,4913.33203125,東
遺跡,滝瀬８遺跡,30,232.59407043457,2.60043239593506,30.1051845550537,5241.359375,西
遺跡,滝瀬９遺跡,10,125.299644470215,2.59037828445435,30.8016815185547,5241.77587890625,東
遺跡,滝瀬遺跡,20,22.3606796264648,3.77227210998535,34.8467140197754,5222.60595703125,北
遺跡,潮見３遺跡,40,10,23.2303695678711,9.75284290313721,5188.48974609375,南
遺跡,潮見４遺跡,40,36.0555114746094,5.7272572517395,26.4337844848633,5158.0458984375,南
遺跡,潮見５遺跡,30,237.065399169922,29.5418224334717,38.0666465759277,5160.365234375,西
遺跡,潮見遺跡,30,228.035095214844,6.72476053237915,50.6928901672363,5217.08984375,西
遺跡,長法遺跡,10,263.058929443359,7.40119552612305,88.045768737793,5173.35693359375,東
遺跡,姫川１０遺跡,40,72.1110229492188,7.54177856445312,22.5397510528564,5238.65576171875,南
遺跡,姫川１１遺跡,30,226.274169921875,4.32097291946411,37.3244667053223,5241.21630859375,西
遺跡,姫川１２遺跡,30,311.126983642578,2.67791700363159,71.9814147949219,5248.53955078125,西
遺跡,姫川１４遺跡,40,22.3606796264648,8.30475425720215,34.9199295043945,5144.732421875,南
遺跡,姫川１５遺跡,40,223.606796264648,3.126296043396,68.9508361816406,5246.5673828125,南
遺跡,姫川１９遺跡,40,224.722045898438,3.38550567626953,80.6871643066406,5248.0498046875,南
遺跡,姫川２０遺跡,30,36.0555114746094,5.89726114273071,76.5108032226562,5247.013671875,西
遺跡,姫川２１遺跡,40,174.642486572266,1.50258040428162,32.8845138549805,5240.42626953125,南
遺跡,姫川２２遺跡,10,496.487670898438,4.11001968383789,121.263214111328,5254.85595703125,東
遺跡,姫川２３遺跡,20,130.384048461914,5.97347545623779,22.2177925109863,5238.60595703125,北
遺跡,姫川２４遺跡,30,215.870330810547,1.69880735874176,19.6675395965576,5238.09912109375,西
遺跡,姫川２５遺跡,20,120.415946960449,9.57091903686523,82.0699234008789,5227.4755859375,北
遺跡,姫川２６遺跡,40,94.3398132324219,5.22049474716187,62.7016334533691,5245.447265625,南
遺跡,姫川２７遺跡,40,202.484573364258,13.9956541061401,75.3952865600586,5227.490234375,南
遺跡,姫川２８遺跡,20,130.384048461914,9.87058448791504,48.0869560241699,5243.65625,北
遺跡,姫川２９遺跡,40,283.196044921875,7.48448133468628,72.5614013671875,5226.81982421875,南
遺跡,姫川３遺跡,40,120,1.31662571430206,15.2827987670898,5237.134765625,南
遺跡,姫川４遺跡,40,350,8.19831943511963,24.5179576873779,5239.8701171875,南
遺跡,姫川５遺跡,30,445.533386230469,19.5113906860352,38.6282691955566,5049.8740234375,西
遺跡,姫川７遺跡,30,200,2.60850930213928,17.353536605835,5237.44091796875,西
遺跡,姫川９遺跡,40,70,1.69518828392029,15.8412981033325,5237.44287109375,南
遺跡,姫川遺跡,40,110.453605651855,14.9243202209473,33.7930068969727,5241.03759765625,南
遺跡,富岡１０遺跡,30,268.700592041016,16.5549411773682,87.4020385742188,5172.34326171875,西
遺跡,富岡１１遺跡,40,342.052612304688,5.60912609100342,81.1029281616211,5248.24951171875,南
遺跡,富岡１２遺跡,10,706.045288085938,0.847196757793427,105.393600463867,5229.99462890625,東
遺跡,富岡２遺跡,30,165.52946472168,5.23611116409302,70.8240432739258,5224.228515625,西
遺跡,富岡３遺跡,30,382.753173828125,8.56188583374023,89.3549652099609,5228.7578125,西
遺跡,富岡４遺跡,40,303.64453125,4.26615142822266,83.517219543457,5247.16845703125,南
遺跡,富岡５遺跡,20,50,19.0984153747559,85.1599502563477,5078.69482421875,北
遺跡,富岡６遺跡,10,460.977203369141,2.16616296768188,101.344268798828,5249.84326171875,東
遺跡,富岡７遺跡,30,598.080261230469,11.4113922119141,108.099349975586,5230.6025390625,西
遺跡,富岡８遺跡,30,78.1025009155273,5.75513315200806,78.8545837402344,5171.033203125,西
遺跡,富岡９遺跡,40,323.109893798828,7.62839221954346,96.5513916015625,5249.40673828125,南
遺跡,富岡遺跡,30,302.654907226562,3.12119746208191,96.9351577758789,5249.310546875,西
遺跡,豊浜遺跡,10,70,11.5594816207886,42.5877304077148,5214.5634765625,東
遺跡,緑町１０遺跡,20,120,0.278762668371201,4.67063093185425,5236.25732421875,北
遺跡,緑町１１遺跡,20,143.17822265625,2.93683433532715,9.03476905822754,5162.33740234375,北
遺跡,緑町１２遺跡,20,200,12.1344614028931,20.628360748291,5069.80078125,北
遺跡,緑町２遺跡,20,80.6225738525391,3.46791124343872,10.2301502227783,5216.18798828125,北
遺跡,緑町３遺跡,30,230,1.19835340976715,7.83811187744141,5216.54931640625,西
遺跡,緑町４遺跡,20,141.421356201172,2.79493808746338,9.85197162628174,5217.25927734375,北
遺跡,緑町５遺跡,20,120.830459594727,19.7466259002686,41.0030555725098,5222.427734375,北
遺跡,緑町６遺跡,10,10,7.42454481124878,25.7958316802979,5198.59130859375,東
遺跡,緑町７遺跡,20,80.6225738525391,2.21960091590881,5.34991788864136,5236.7451171875,北
遺跡,緑町８遺跡,20,192.35383605957,2.2829864025116,5.62225723266602,5236.82568359375,北
遺跡,緑町９遺跡,20,98.4885787963867,18.8418979644775,22.0513439178467,4757.83544921875,北
遺跡,緑町遺跡,20,106.301460266113,10.7269687652588,14.9132051467896,5217.86328125,北
遺跡,蕨野遺跡,20,220.227142333984,2.86059546470642,31.6648902893066,5240.548828125,北
遺跡,ホイド穴遺跡,40,72.1110229492188,29.8605270385742,47.4129524230957,5229.10595703125,南
遺跡,旭丘２遺跡,30,310.161254882812,6.2072958946228,134.471298217773,5263.1806640625,西
遺跡,旭丘遺跡,20,831.68505859375,21.4909114837646,188.02392578125,5274.15380859375,北
遺跡,安野呂２遺跡,40,161.245147705078,15.1942224502563,37.1091918945312,5222.2880859375,南
遺跡,安野呂遺跡,10,351.141021728516,11.1533470153809,34.4105110168457,5222.13623046875,東
遺跡,意養遺跡,30,134.164077758789,16.0376968383789,50.5514221191406,5076.92919921875,西
遺跡,稲見遺跡,20,107.70329284668,1.56666469573975,32.2235679626465,5241.56787109375,北
遺跡,稲倉石岩陰遺跡,40,0,0.928621590137482,188.06396484375,5271.8408203125,南
遺跡,館町２遺跡,40,242.074371337891,1.63235878944397,27.2765445709229,5247.76025390625,南
遺跡,館町３遺跡,10,235.372039794922,10.7878837585449,47.1180763244629,5232.5703125,東
遺跡,館町４遺跡,10,169.705627441406,12.9040441513062,66.8391952514648,5181.91015625,東
遺跡,館町５遺跡,10,116.619033813477,5.85816335678101,74.2740478515625,5236.029296875,東
遺跡,館町遺跡,30,219.317138671875,0.376369416713715,29.7488842010498,5249.0595703125,西
遺跡,共和２遺跡,40,120.415946960449,2.49650931358337,120.93229675293,5259.1328125,南
遺跡,共和３遺跡,30,67.0820388793945,4.97934627532959,134.933227539062,5240.8759765625,西
遺跡,共和遺跡,40,160.312194824219,3.16395664215088,113.312957763672,5257.76904296875,南
遺跡,御蔵岱遺跡,10,50,5.59895658493042,31.709753036499,5227.58447265625,東
遺跡,国分館跡,20,60,1.68834602832794,35.8274612426758,5248.49365234375,北
遺跡,坂の上遺跡,40,170,2.92806339263916,53.0493774414062,5248.3134765625,南
遺跡,社の山遺跡,20,90,7.46556997299194,100.294288635254,5259.3291015625,北
遺跡,松前氏城跡館城跡,20,250,2.15183091163635,55.1153793334961,5254.9404296875,北
遺跡,城岱遺跡,40,438.292114257812,4.34316730499268,44.5194892883301,5252.65966796875,南
遺跡,新栄２遺跡,40,357.770874023438,1.34425485134125,35.5634803771973,5247.9990234375,南
遺跡,新町遺跡,30,277.848876953125,0.35697016119957,8.1057596206665,5222.2060546875,西
遺跡,清水遺跡,30,190,3.79984664916992,71.8890151977539,5225.69677734375,西
遺跡,赤沼遺跡,40,114.017547607422,5.87465953826904,34.5774993896484,5245.52001953125,南
遺跡,相生遺跡,10,130.384048461914,0.411395698785782,150.283187866211,5263.6875,東
遺跡,大丁袋遺跡,30,510,1.50255501270294,73.8161087036133,5253.244140625,西
遺跡,美和２遺跡,20,174.642486572266,14.1211605072021,14.9054040908813,5243.5732421875,北
遺跡,富里４遺跡,40,174.642486572266,22.7719974517822,91.9067459106445,5264.66162109375,南
遺跡,富里Ａ遺跡,10,261.725036621094,4.18070125579834,78.8740005493164,5240.12158203125,東
遺跡,富里Ｂ遺跡,30,183.847778320312,19.4541912078857,66.7841949462891,5087.46240234375,西
遺跡,富里高台遺跡,30,0,8.03791522979736,66.0656051635742,5236.7841796875,西
遺跡,万徳堀遺跡,30,98.4885787963867,8.80997180938721,15.2257328033447,5242.11279296875,西
遺跡,木間内遺跡,30,120.830459594727,1.90305650234222,109.989418029785,5259.07080078125,西
遺跡,目名尻遺跡,30,302.654907226562,12.4939708709717,16.4701175689697,5169.095703125,西
遺跡,六軒町遺跡,20,70,0.660906136035919,30.1201305389404,5247.37841796875,北
遺跡,鶉越２遺跡,30,411.460815429688,3.08482480049133,71.6982040405273,5254.2578125,西
遺跡,鶉越３遺跡,20,304.138122558594,1.89407444000244,46.6202659606934,5249.1064453125,北
遺跡,鶉越４遺跡,20,434.165893554688,7.0802845954895,65.2895355224609,5252.93359375,北
遺跡,鶉越遺跡,40,766.093994140625,18.8099422454834,49.874153137207,5229.5693359375,南
遺跡,鶉町１０遺跡,20,206.1552734375,2.73416996002197,59.2205467224121,5249.1416015625,北
遺跡,鶉町１１遺跡,30,152.315460205078,1.37609815597534,66.7251510620117,5250.26806640625,西
遺跡,鶉町１２遺跡,20,464.865570068359,8.43784523010254,90.4425659179688,5256.43896484375,北
遺跡,鶉町１３遺跡,30,180.277557373047,2.66861271858215,70.2468490600586,5252.32373046875,西
遺跡,鶉町１４遺跡,40,243.515914916992,0.605051755905151,90.1056671142578,5257.39404296875,南
遺跡,鶉町２遺跡,30,268.700592041016,5.33777713775635,50.8180274963379,5229.0029296875,西
遺跡,鶉町３遺跡,20,578.013854980469,5.21300172805786,59.0811614990234,5250.36572265625,北
遺跡,鶉町４遺跡,30,665.732666015625,2.07126927375793,82.1067962646484,5257.07568359375,西
遺跡,鶉町５遺跡,40,70.7106781005859,4.67070293426514,47.4494895935059,5227.61181640625,南
遺跡,鶉町６遺跡,30,22.3606796264648,17.9220008850098,58.2750663757324,4942.1923828125,西
遺跡,鶉町７遺跡,40,100,3.27789497375488,72.993522644043,5253.634765625,南
遺跡,鶉町８遺跡,40,108.166542053223,1.52179896831512,30.4444847106934,5245.11181640625,南
遺跡,鶉町遺跡,20,328.937683105469,3.70867562294006,57.5767593383789,5250.93310546875,北
遺跡,タコ穴遺跡,40,133.416641235352,1.69808530807495,8.4060583114624,5238.26416015625,南
遺跡,越前遺跡,40,490,26.9160270690918,24.5833129882812,5242.31298828125,南
遺跡,鴎島遺跡,10,1126.98718261719,4.46594619750977,24.6591510772705,5250.43798828125,東
遺跡,下小黒部遺跡,40,300.166625976562,8.25985527038574,12.6045770645142,5241.525390625,南
遺跡,蝦夷館遺跡,20,70.7106781005859,17.4097003936768,58.7786712646484,5256.36962890625,北
遺跡,開陽丸,0,646.219787597656,0,0,5245.80224609375,
遺跡,五厘沢４遺跡,20,1176.86022949219,5.3500337600708,21.599048614502,5240.619140625,北
遺跡,五厘沢Ａ遺跡,40,230.21728515625,34.4906120300293,31.4429550170898,5243.84375,南
遺跡,五厘沢Ｂ遺跡,30,334.215515136719,7.05222749710083,18.4485549926758,5198.9794921875,西
遺跡,五厘沢Ｃ遺跡,30,178.885437011719,1.76413571834564,10.4415197372437,5238.548828125,西
遺跡,五厘沢Ｄ遺跡,30,192.093734741211,4.4915828704834,8.69397068023682,5239.6484375,西
遺跡,五厘沢Ｅ遺跡,30,248.39485168457,6.01222944259644,11.9622859954834,5218.306640625,西
遺跡,五厘沢Ｆ遺跡,10,291.547607421875,2.38565802574158,11.0297088623047,5238.6298828125,東
遺跡,五厘沢Ｇ遺跡,10,1019.65686035156,1.55253064632416,20.583194732666,5220.1328125,東
遺跡,五厘沢Ｈ遺跡,40,765.50634765625,11.0299577713013,24.2918872833252,5241.02001953125,南
遺跡,五厘沢Ｉ遺跡,40,866.833374023438,5.73256635665894,20.6614284515381,5240.5322265625,南
遺跡,五厘沢Ｊ遺跡,40,989.545349121094,4.77391529083252,18.5680828094482,5241.1611328125,南
遺跡,五厘沢Ｋ遺跡,40,1058.01708984375,3.59911036491394,18.9040946960449,5241.26806640625,南
遺跡,砂坂遺跡,10,652.993103027344,36.4094429016113,35.3504981994629,4937.51171875,東
遺跡,山崎遺跡,10,202.237487792969,0.759771168231964,8.28254413604736,5238.71826171875,東
遺跡,寺小町遺跡,20,92.195442199707,7.17174100875854,18.4728927612305,4945.78271484375,北
遺跡,小黒部２遺跡,30,111.803398132324,2.69518065452576,10.2165508270264,5240.91943359375,西
遺跡,小黒部３遺跡,40,308.868896484375,18.4166965484619,23.1876106262207,5243.59619140625,南
遺跡,小黒部遺跡,40,559.464050292969,7.8962721824646,20.1511840820312,5222.44189453125,南
遺跡,新栄町遺跡,40,114.017547607422,1.49069607257843,8.22040176391602,5248.11669921875,南
遺跡,川尻遺跡,10,410.121917724609,3.3920156955719,8.79655456542969,5241.41845703125,東
遺跡,大谷地遺跡,30,94.3398132324219,7.22001457214355,16.2167587280273,5219.9921875,西
遺跡,中歌遺跡,30,80,5.53999757766724,8.50893783569336,5078.56689453125,西
遺跡,田沢２遺跡,40,102.95630645752,3.54160857200623,33.5557174682617,5249.56787109375,南
遺跡,田沢遺跡,30,308.058441162109,12.7346954345703,48.915454864502,5177.03173828125,西
遺跡,田沢野遺跡,20,1287.2451171875,5.55644464492798,30.8452529907227,5246.62451171875,北
遺跡,東山遺跡,10,359.026458740234,6.47537803649902,96.1095581054688,5222.01416015625,東
遺跡,椴川Ａ遺跡,20,311.4482421875,7.37653827667236,17.2758750915527,5254.19873046875,北
遺跡,椴川Ｂ遺跡,10,190.262985229492,2.84972238540649,10.235767364502,5252.7001953125,東
遺跡,椴川Ｃ遺跡,40,56.5685424804688,2.38228750228882,10.70849609375,5253.943359375,南
遺跡,椴川Ｄ遺跡,20,416.173065185547,20.4201583862305,28.8851146697998,5234.81787109375,北
遺跡,馬窪野遺跡,10,370,2.84240412712097,10.9649438858032,5241.9931640625,東
遺跡,馬場遺跡,40,201.246109008789,6.02074003219604,104.57447052002,5267.88916015625,南
遺跡,柏町遺跡,30,111.803398132324,8.30100154876709,19.3434257507324,5232.6640625,西
遺跡,泊３遺跡,10,148.660690307617,19.4856910705566,39.8005676269531,4636.818359375,東
遺跡,泊４遺跡,30,90.5538558959961,18.8263740539551,35.7292594909668,5080.80712890625,西
遺跡,泊５遺跡,20,201.246109008789,13.1785936355591,60.1623802185059,5255.20068359375,北
遺跡,泊６遺跡,20,201.246109008789,13.1785936355591,60.1623802185059,5255.20068359375,北
遺跡,泊７遺跡,30,350.142822265625,5.60878801345825,54.4773101806641,5254.458984375,西
遺跡,泊８遺跡,30,602.079711914062,9.26628971099854,33.5732841491699,5080.71826171875,西
遺跡,泊A遺跡,20,108.166542053223,16.2772750854492,23.6874408721924,5172.0537109375,北
遺跡,泊B遺跡,30,164.924224853516,11.5954990386963,19.7010021209717,5078.52783203125,西
遺跡,泊館跡,40,223.606796264648,20.6238784790039,48.3314933776855,5253.80078125,南
遺跡,尾山遺跡,20,201.246109008789,13.1785936355591,60.1623802185059,5255.20068359375,北
遺跡,伏木戸２遺跡,30,935.36083984375,8.21172714233398,50.6271018981934,5231.4873046875,西
遺跡,伏木戸３遺跡,40,1189.62182617188,4.81793689727783,29.0841941833496,5247.3154296875,南
遺跡,伏木戸遺跡,30,1060.04711914062,4.99902057647705,42.896240234375,5229.70556640625,西
遺跡,戊辰の役戦死者の墳墓,20,313.847106933594,4.54235076904297,67.8275299072266,5258.91796875,北
遺跡,法花寺坂貝塚,20,283.196044921875,13.6195678710938,15.9462041854858,5152.783203125,北
遺跡,豊川町遺跡,20,20,4.41987943649292,19.6636333465576,5249.3388671875,北
遺跡,茂尻Ｂ遺跡,20,20,5.01183366775513,19.0186786651611,5251.4462890625,北
遺跡,茂尻Ｃ遺跡,20,120.415946960449,5.08249425888062,31.2417335510254,5233.28857421875,北
遺跡,茂尻遺跡,30,14.1421356201172,3.81122708320618,18.3719310760498,5251.4150390625,西
遺跡,柳崎２遺跡,40,56.5685424804688,0.415313959121704,5.67856311798096,5241.80908203125,南
遺跡,柳崎３遺跡,40,110,1.53988254070282,2.60335683822632,5241.84765625,南
遺跡,柳崎遺跡,20,212.132034301758,2.603764295578,4.62238931655884,5240.53173828125,北
遺跡,緑丘遺跡,40,202.484573364258,8.8698902130127,101.836357116699,5266.763671875,南
遺跡,鰔川遺跡,40,98.4885787963867,16.6465034484863,20.6904525756836,5240.77978515625,南
遺跡,鰔川西遺跡,40,344.383514404297,10.2248163223267,20.9724197387695,5240.9716796875,南
遺跡,お浪沢Ａ遺跡,40,228.254241943359,9.73369121551514,130.605865478516,5278.04931640625,南
遺跡,お浪沢Ｂ遺跡,20,44.7213592529297,15.381386756897,32.6630668640137,5184.2470703125,北
遺跡,ばんの沢遺跡,30,296.816436767578,3.03599739074707,91.0834045410156,5272.0478515625,西
遺跡,ほど長根A遺跡,20,134.164077758789,7.46994352340698,82.6571731567383,5269.01953125,北
遺跡,ほど長根B遺跡,20,89.4427185058594,8.57598495483398,36.9516830444336,5068.86865234375,北
遺跡,ワラビ岱Ｂ遺跡,40,224.722045898438,10.2031164169312,28.4926891326904,5091.00830078125,南
遺跡,ワラビ岱遺跡,30,136.014709472656,1.54719865322113,24.5943508148193,5185.50048828125,西
遺跡,愛宕山遺跡,20,382.753173828125,4.25584554672241,29.7501201629639,5241.06689453125,北
遺跡,安在平遺跡,40,219.317138671875,7.36392402648926,24.6209526062012,5258.00048828125,南
遺跡,河北中グランド遺跡,30,192.093734741211,3.16738200187683,31.6816520690918,5261.91162109375,西
遺跡,瓦場遺跡,40,278.926513671875,2.1503586769104,8.09415149688721,5254.45263671875,南
遺跡,宮の沢遺跡,30,14.1421356201172,22.5152702331543,16.8136196136475,4778.53076171875,西
遺跡,宮越遺跡,20,140,14.2349061965942,31.5641345977783,5265.35888671875,北
遺跡,桂岡Ｂ遺跡,40,254.950988769531,10.8109474182129,27.8656177520752,5219.48193359375,南
遺跡,桂岡遺跡,40,378.549865722656,5.03848791122437,32.1947555541992,5241.46044921875,南
遺跡,原歌遺跡,10,22.3606796264648,5.3869104385376,35.3607368469238,5260.70556640625,東
遺跡,向浜A遺跡,20,191.049728393555,0.369412004947662,5.18836975097656,5253.7197265625,北
遺跡,四十九里沢Ａ遺跡,20,84.8528137207031,11.3193578720093,35.044677734375,5088.822265625,北
遺跡,四十九里沢Ｂ遺跡,10,152.643371582031,30.6421356201172,54.8179931640625,4776.99951171875,東
遺跡,市街地後方A遺跡,20,106.301460266113,28.0165424346924,36.7895050048828,5239.505859375,北
遺跡,市街地後方B遺跡,20,72.1110229492188,26.0727958679199,37.3291091918945,4931.85302734375,北
遺跡,洲崎A遺跡,20,174.642486572266,1.204474568367,5.96806621551514,5254.8251953125,北
遺跡,洲崎B遺跡,30,277.308471679688,1.56874096393585,1.19199299812317,5252.74169921875,西
遺跡,洲崎C遺跡,10,434.165893554688,14.5555267333984,13.2208290100098,5179.888671875,東
遺跡,住川遺跡,40,152.643371582031,16.7743434906006,45.3807106018066,5094.4140625,南
遺跡,十兵衛沢Ｂ遺跡,40,259.615112304688,2.2200391292572,65.8584594726562,5268.107421875,南
遺跡,十兵衛沢Ｃ遺跡,20,296.141845703125,10.0537137985229,60.3142166137695,5246.72314453125,北
遺跡,十兵衛沢Ｄ遺跡,40,388.973022460938,3.25088787078857,8.89094066619873,5237.1171875,南
遺跡,十兵衛沢遺跡,40,234.093994140625,3.6357889175415,71.8195724487305,5268.75,南
遺跡,勝山館遺跡,10,78.1025009155273,5.97237205505371,98.7851867675781,5251.3359375,東
遺跡,小森遺跡,20,233.238067626953,4.03073883056641,60.8495750427246,5268.419921875,北
遺跡,小岱遺跡,10,350,6.24038171768188,45.9240989685059,5242.14990234375,東
遺跡,上ノ国遺跡,20,0,4.57541990280151,3.11903166770935,5233.08740234375,北
遺跡,上ノ国漁港遺跡,10,187.882934570312,6.61382961273193,3.23001432418823,5083.07421875,東
遺跡,上ノ国市街地遺跡,10,107.70329284668,0.970950961112976,2.73340582847595,5233.134765625,東
遺跡,上之国花沢館跡,10,94.3398132324219,30.8486461639404,24.4411125183105,4950.7685546875,東
遺跡,上之国洲崎館跡,20,262.488098144531,2.99438881874084,10.8076095581055,5255.7109375,北
遺跡,上之国勝山館跡,10,155.563491821289,16.6518516540527,91.1581115722656,5099.04736328125,東
遺跡,新村１遺跡,20,460.4345703125,1.47490429878235,11.2253952026367,5255.29931640625,北
遺跡,新村2遺跡,30,446.878051757812,1.47309958934784,13.0123767852783,5255.78662109375,西
遺跡,新村3遺跡,30,446.542297363281,2.26240396499634,11.7199573516846,5255.6142578125,西
遺跡,新村4遺跡,30,480.832580566406,3.53821492195129,10.1649560928345,5255.263671875,西
遺跡,水車小屋遺跡,40,370,2.22824096679688,9.27009201049805,5255.26513671875,南
遺跡,石山遺跡,20,427.2001953125,4.22866296768188,24.0272159576416,5238.7236328125,北
遺跡,赤石遺跡,20,728.971862792969,4.40855693817139,30.6401920318604,5259.85400390625,北
遺跡,早瀬遺跡,30,214.709106445312,10.3615283966064,30.9584197998047,5242.54931640625,西
遺跡,大安在Ｂ遺跡,30,114.017547607422,2.21014451980591,4.81204748153687,5258.7138671875,西
遺跡,大安在遺跡,30,78.1025009155273,15.2031240463257,35.7237892150879,5188.78271484375,西
遺跡,大澗遺跡,20,356.08984375,7.78004884719849,30.6160144805908,5259.94873046875,北
遺跡,大澗下遺跡,20,76.1577301025391,17.6254920959473,9.16716384887695,5083.85595703125,北
遺跡,大崎Ａ遺跡,30,390,10.8655395507812,65.9403839111328,5246.25341796875,西
遺跡,大崎Ｂ遺跡,30,920,3.59090852737427,32.9620513916016,5260.62548828125,西
遺跡,大崎C遺跡,40,936.482788085938,7.811767578125,25.8018035888672,5259.43701171875,南
遺跡,大岱Ｂ遺跡,10,120.415946960449,14.8170623779297,21.2958507537842,5182.4599609375,東
遺跡,大岱遺跡,30,183.847778320312,8.2516393661499,11.73801612854,5215.02978515625,西
遺跡,大岱沢Ａ遺跡,30,380,3.05160164833069,50.8854598999023,5243.12841796875,西
遺跡,大岱沢Ｂ遺跡,10,240,5.45731496810913,60.5986709594727,5190.0556640625,東
遺跡,炭焼沢遺跡,30,408.044128417969,5.37711429595947,23.6802673339844,5257.79638671875,西
遺跡,寅ノ沢遺跡,40,158.113876342773,4.57858037948608,18.0046291351318,5259.88134765625,南
遺跡,内郷坂遺跡,30,1000,14.8001985549927,28.4046878814697,5182.30322265625,西
遺跡,部落畠遺跡,10,178.885437011719,6.33354091644287,100.29061126709,5272.42626953125,東
遺跡,豊田Ｂ遺跡,40,130.384048461914,3.11077761650085,28.1858253479004,5183.9638671875,南
遺跡,豊田Ｃ遺跡,30,89.4427185058594,3.46053171157837,23.6973171234131,5238.0361328125,西
遺跡,豊田Ｄ遺跡,30,133.416641235352,0.555379450321198,15.0292024612427,5236.3212890625,西
遺跡,豊田Ｅ遺跡,30,102.95630645752,5.51506996154785,21.8453845977783,5237.97802734375,西
遺跡,豊田遺跡,40,120.415946960449,1.41457116603851,17.5469779968262,5236.98876953125,南
遺跡,豊田西2遺跡,30,470.106353759766,0.856544554233551,12.7661113739014,5235.5888671875,西
遺跡,豊田西遺跡,40,432.781707763672,8.23081111907959,27.658016204834,5238.2666015625,南
遺跡,北村遺跡,30,330,1.34034848213196,7.23366069793701,5254.9140625,西
遺跡,木ノ子遺跡,20,176.918060302734,10.2724351882935,25.9090023040771,5093.58837890625,北
遺跡,檜ノ沢遺跡,20,102.95630645752,13.5700740814209,70.0206680297852,5245.90771484375,北
遺跡,折戸遺跡,20,40,2.26582980155945,5.48821592330933,5150.9208984375,北
遺跡,相沼２遺跡,10,148.660690307617,11.4357681274414,14.0573482513428,5130.369140625,東
遺跡,相沼３遺跡,10,234.093994140625,14.1706056594849,24.8069438934326,5132.2783203125,東
遺跡,相沼遺跡,40,164.01220703125,5.393235206604,5.59029340744019,5183.14306640625,南
遺跡,相沼川口遺跡,30,20,1.69132614135742,0.831552863121033,5204.2080078125,西
自然地形,NA,,1024.158203125,43.7151947021484,646.068664550781,1069.57775878906,北
自然地形,NA,,158.113876342773,4.2970986366272,59.7646446228027,5232.5244140625,北
自然地形,NA,,332.415405273438,34.7360000610352,307.499969482422,5000.0361328125,東
自然地形,NA,,352.278289794922,23.9270725250244,329.113098144531,5114.75830078125,東
自然地形,NA,,310,22.5111846923828,230.470428466797,5217.9775390625,東
自然地形,NA,,586.941223144531,24.1662178039551,391.212921142578,5144.5810546875,南
自然地形,NA,,231.948257446289,10.4918527603149,311.271301269531,5267.1103515625,西
自然地形,NA,,215.870330810547,8.404616355896,410.230926513672,5308.08642578125,東
自然地形,NA,,220,18.2981243133545,288.44287109375,5232.04345703125,東
自然地形,NA,,384.187469482422,27.2369804382324,332.156890869141,4823.11376953125,北
自然地形,NA,,564.003540039062,33.2618713378906,500.902923583984,5011.263671875,南
自然地形,NA,,556.596801757812,27.6153907775879,17.9676456451416,4945.0498046875,西
自然地形,NA,,286.006988525391,25.4165935516357,519.559326171875,5321.5634765625,東
自然地形,NA,,120,28.3150730133057,23.993745803833,5060.232421875,南
自然地形,NA,,347.131072998047,16.4166889190674,87.3525390625,5272.92529296875,南
自然地形,NA,,130.384048461914,29.6498889923096,448.436706542969,5245.19482421875,南
自然地形,NA,,581.893432617188,33.0614166259766,443.798645019531,5142.53271484375,南
自然地形,NA,,110,27.9470748901367,403.619506835938,4515.7744140625,東
自然地形,NA,,343.656799316406,41.5827598571777,353.480590820312,5005.19921875,南
自然地形,NA,,415.932678222656,3.22460126876831,6.21173286437988,5216.65771484375,北
自然地形,NA,,110,39.2642478942871,98.5814056396484,3864.44140625,西
自然地形,NA,,353.553405761719,0.464408606290817,9.59777450561523,5236.8125,南
自然地形,NA,,240,29.6388187408447,299.964874267578,4424.63623046875,西
自然地形,NA,,100.498748779297,3.72253632545471,57.5656776428223,5236.65771484375,西
自然地形,NA,,265.706604003906,30.1502437591553,179.933792114258,4767.0322265625,東
自然地形,NA,,152.315460205078,25.2105827331543,474.353424072266,4796.16748046875,東
自然地形,NA,,574.891296386719,15.1615905761719,156.897018432617,5241.740234375,南
自然地形,NA,,810.061706542969,18.8985080718994,420.257202148438,5151.86279296875,北
自然地形,NA,,388.973022460938,36.4055137634277,282.548309326172,4264.67626953125,東
自然地形,NA,,10,10.540452003479,180.702362060547,5090.90478515625,西
自然地形,NA,,424.264068603516,31.1868782043457,351.57470703125,5259.474609375,南
自然地形,NA,,100,34.6050758361816,336.717437744141,5104.25927734375,南
自然地形,NA,,260.768096923828,40.6442070007324,405.026458740234,4814.4169921875,西
自然地形,NA,,451.774291992188,31.0178050994873,270.178253173828,5049.8447265625,東
自然地形,NA,,511.077301025391,14.5113906860352,498.147888183594,5238.55810546875,東
自然地形,NA,,220.227142333984,10.1676292419434,426.933868408203,5262.0126953125,北
自然地形,NA,,310.644500732422,32.7414474487305,221.649215698242,5219.19384765625,南
自然地形,NA,,188.679626464844,35.0728874206543,412.137603759766,4996.2197265625,西
自然地形,NA,,70.7106781005859,33.851978302002,388.778900146484,5002.60791015625,西
自然地形,NA,,742.495788574219,33.9954872131348,698.842590332031,4356.4560546875,北
自然地形,NA,,403.112854003906,8.69777297973633,109.848678588867,5267.7216796875,南
自然地形,NA,,373.363067626953,27.8540744781494,623.286682128906,5150.2919921875,南
自然地形,NA,,360,17.7315998077393,181.287109375,5190.62060546875,東
自然地形,NA,,331.360809326172,37.2774200439453,155.600357055664,4889.9521484375,南
自然地形,NA,,120,3.85984396934509,38.8277282714844,5062.29443359375,西
自然地形,NA,,384.707672119141,34.1831092834473,490.436401367188,5133.89990234375,南
自然地形,NA,,290.688842773438,26.412878036499,378.858428955078,4863.642578125,東
自然地形,NA,,266.270538330078,19.2270965576172,409.672088623047,5293.77685546875,北
自然地形,NA,,986.559692382812,26.6216125488281,198.709838867188,4936.8857421875,北
自然地形,NA,,662.193298339844,38.7776947021484,333.252716064453,4955.00927734375,南
自然地形,NA,,64.0312423706055,28.0603485107422,42.1243782043457,5180.20166015625,北
自然地形,NA,,453.431365966797,5.96475887298584,730.922424316406,5259.85693359375,北
自然地形,NA,,420.475921630859,15.7006425857544,193.085418701172,5184.20166015625,南
自然地形,NA,,215.870330810547,0,4.90000009536743,5240.49951171875,
自然地形,NA,,228.254241943359,21.796293258667,340.063751220703,5191.99755859375,東
自然地形,NA,,344.093017578125,26.8231105804443,409.851257324219,5226.48828125,南
自然地形,NA,,372.021514892578,29.2857112884521,231.619598388672,4259.0556640625,西
自然地形,NA,,581.893432617188,23.3982391357422,300.010498046875,5127.7548828125,南
自然地形,NA,,453.100433349609,0.730412781238556,89.6160125732422,5251.66748046875,南
自然地形,NA,,210.23796081543,31.7868499755859,282.182952880859,4985.642578125,西
自然地形,NA,,655.515075683594,24.5529823303223,286.03369140625,5280.0546875,東
自然地形,NA,,802.309204101562,26.9753589630127,699.141784667969,5279.8525390625,西
自然地形,NA,,408.044128417969,18.137357711792,264.927703857422,5099.99365234375,東
自然地形,NA,,280.71337890625,20.9714317321777,481.169891357422,5147.5166015625,西
自然地形,NA,,174.928558349609,16.0391864776611,74.7207489013672,5225.56591796875,北
自然地形,NA,,304.138122558594,31.8066234588623,231.035354614258,4982.17236328125,西
自然地形,NA,,317.647613525391,4.36215448379517,209.416259765625,5200.30859375,北
自然地形,NA,,0,1.90648591518402,6.14194536209106,5239.65771484375,西
自然地形,NA,,133.416641235352,37.0973854064941,151.644821166992,4970.00537109375,西
自然地形,NA,,418.688415527344,41.9139175415039,506.494049072266,5005.81298828125,南
自然地形,NA,,94.3398132324219,27.6998805999756,364.721069335938,5240.564453125,南
自然地形,NA,,310.161254882812,27.4479198455811,226.495834350586,5277.8095703125,南
自然地形,NA,,413.037536621094,14.9262475967407,157.119262695312,5263.6787109375,西
自然地形,NA,,380.131561279297,20.2750854492188,121.075134277344,5240.3310546875,西
自然地形,NA,,881.022094726562,5.16114377975464,437.91943359375,5319.45166015625,北
自然地形,NA,,475.394561767578,7.46144533157349,387.551574707031,5300.62548828125,南
自然地形,NA,,272.029418945312,1.58787071704865,52.8304061889648,5254.8076171875,東
自然地形,NA,,150,25.4536170959473,161.246871948242,4942.67138671875,西
自然地形,NA,,114.017547607422,35.1568603515625,132.736694335938,4305.73779296875,西
自然地形,NA,,191.049728393555,32.0025978088379,399.853942871094,4335.34765625,東
自然地形,NA,,120.830459594727,24.8244533538818,346.298248291016,4953.8974609375,西
自然地形,NA,,900.22216796875,38.9228858947754,390.848236083984,4610.59765625,東
自然地形,NA,,290,27.1617202758789,168.240081787109,5221.24072265625,南
自然地形,NA,,832.346130371094,33.846508026123,395.376861572266,4984.91162109375,東
自然地形,NA,,692.603759765625,16.571907043457,196.058334350586,4660.61962890625,西
自然地形,NA,,60.8276290893555,40.3025512695312,228.160049438477,4703.26123046875,東
自然地形,NA,,44.7213592529297,43.5251693725586,112.512115478516,5097.296875,南
自然地形,NA,,70,3.54963397979736,93.4357604980469,5249.68115234375,北
自然地形,NA,,389.486846923828,41.2698669433594,413.410888671875,4992.53466796875,南
自然地形,NA,,994.08251953125,14.0188264846802,298.902313232422,5212.859375,南
自然地形,NA,,76.1577301025391,14.8851203918457,380.407989501953,5009.48583984375,東
自然地形,NA,,900.777465820312,45.3819198608398,755.757507324219,5047.95751953125,西
自然地形,NA,,260.768096923828,5.77742719650269,91.2875747680664,5248.275390625,南
自然地形,NA,,10,11.6494750976562,295.168975830078,4499.1748046875,東
自然地形,NA,,170.293869018555,1.98137903213501,140.507690429688,5259.14208984375,北
自然地形,NA,,340.147033691406,18.5859603881836,208.650039672852,5114.84375,東
自然地形,NA,,461.73583984375,29.1625213623047,107.005722045898,5112.2724609375,南
自然地形,NA,,107.70329284668,19.0575199127197,402.580535888672,5058.54833984375,東
自然地形,NA,,241.867736816406,30.3953266143799,240.571136474609,5100.76123046875,南
自然地形,NA,,161.245147705078,14.4826068878174,338.662414550781,4983.150390625,西
自然地形,NA,,362.491394042969,35.1243934631348,307.803527832031,4818.9306640625,北
自然地形,NA,,850,41.5597648620605,392.675018310547,3441.22509765625,東
自然地形,NA,,436.806610107422,11.9690237045288,78.6990966796875,5179.20068359375,北
自然地形,NA,,854.75146484375,23.7556076049805,532.146118164062,5328.6201171875,南
自然地形,NA,,450.998870849609,36.8838882446289,419.772399902344,5009.56640625,南
自然地形,NA,,680,27.1592960357666,449.8671875,5023.9658203125,東
自然地形,NA,,247.588363647461,16.36208152771,149.255844116211,4947.2607421875,西
自然地形,NA,,189.73664855957,21.6647453308105,410.449005126953,5330.52001953125,南
自然地形,NA,,272.029418945312,30.4218215942383,409.119659423828,4832.4169921875,東
自然地形,NA,,445.533386230469,33.234001159668,625.294982910156,4619.88818359375,北
自然地形,NA,,360.555114746094,19.6141090393066,202.040008544922,5110.083984375,北
自然地形,NA,,671.192932128906,7.76589012145996,155.967010498047,5245.95654296875,南
自然地形,NA,,308.058441162109,27.7768268585205,575.48779296875,4840.71435546875,東
自然地形,NA,,14.1421356201172,21.6654205322266,289.405120849609,5039.63720703125,南
自然地形,NA,,264.764038085938,10.4319438934326,70.7549057006836,5228.36083984375,南
自然地形,NA,,531.413208007812,14.8318204879761,472.662475585938,5336.89599609375,南
自然地形,NA,,250,33.0564231872559,103.330551147461,5092.35791015625,南
自然地形,NA,,516.139526367188,10.5062713623047,413.822967529297,5280.68212890625,北
自然地形,NA,,264.764038085938,31.018310546875,283.1396484375,4919.30712890625,西
自然地形,NA,,473.814331054688,26.9889221191406,141.132934570312,5074.46826171875,南
自然地形,NA,,134.536239624023,18.103178024292,265.345733642578,5227.5703125,南
自然地形,NA,,630.3173828125,28.4785060882568,673.334655761719,4850.7060546875,西
自然地形,NA,,711.125854492188,34.7972183227539,574.338012695312,4598.87841796875,西
自然地形,NA,,488.26220703125,16.8004970550537,58.5129814147949,5187.921875,北
自然地形,NA,,401.994995117188,5.47132062911987,223.609924316406,5286.529296875,北
自然地形,NA,,859.592895507812,16.4179935455322,444.256408691406,5243.34033203125,西
自然地形,NA,,525.54736328125,10.4250545501709,240.765548706055,5281.63330078125,南
自然地形,NA,,158.113876342773,1.00844407081604,55.8509712219238,5249.26513671875,西
自然地形,NA,,382.8837890625,17.65159034729,500.188293457031,5328.6416015625,南
自然地形,NA,,501.597442626953,30.9682884216309,618.977478027344,4981.98193359375,北
自然地形,NA,,107.70329284668,23.8123168945312,292.631225585938,5113.00537109375,東
自然地形,NA,,346.69873046875,6.4217381477356,169.148773193359,5287.96484375,西
自然地形,NA,,322.024841308594,31.0148754119873,311.532409667969,4917.42626953125,東
自然地形,NA,,40,2.6765513420105,178.695693969727,5011.76904296875,北
自然地形,NA,,1107.65515136719,45.9538803100586,665.169372558594,4096.54833984375,北
自然地形,NA,,152.970581054688,3.62619543075562,382.941741943359,5321.90576171875,南
自然地形,NA,,422.965728759766,16.8666076660156,39.8066749572754,5062.92236328125,北
自然地形,NA,,473.814331054688,36.3860931396484,608.394714355469,4622.77099609375,北
自然地形,NA,,1130.53088378906,28.7820014953613,744.356872558594,4862.18994140625,西
自然地形,NA,,541.479431152344,42.2052459716797,417.831146240234,4053.71337890625,東
自然地形,NA,,143.17822265625,15.8626651763916,319.864807128906,5295.56640625,南
自然地形,NA,,166.433166503906,31.0301723480225,424.051147460938,5212.6298828125,南
自然地形,NA,,260,24.0233383178711,33.5160369873047,4911.64404296875,西
自然地形,NA,,238.537216186523,40.6667366027832,187.291229248047,5205.30419921875,北
自然地形,NA,,270,29.8257522583008,200.167831420898,4048.05981445312,西
自然地形,NA,,98.4885787963867,11.3564386367798,337.57421875,5293.46337890625,南
自然地形,NA,,350.142822265625,13.9615993499756,80.1065292358398,5265.96630859375,西
自然地形,NA,,14.1421356201172,0.778490424156189,70.6506805419922,5242.07958984375,北
自然地形,NA,,127.279220581055,36.941837310791,247.202041625977,3730.83520507812,北
自然地形,NA,,711.125854492188,29.4582500457764,475.376586914062,4818.7509765625,西
自然地形,NA,,483.735473632812,23.9082012176514,291.901916503906,5291.27734375,南
自然地形,NA,,186.815414428711,41.1347465515137,398.613555908203,3773.869140625,北
自然地形,NA,,0,4.13508892059326,20.9438877105713,5241.703125,南
自然地形,NA,,481.663787841797,10.9066362380981,108.106628417969,5120.21337890625,北
自然地形,NA,,210.950225830078,22.1516952514648,95.9022827148438,5183.7734375,東
自然地形,NA,,260,16.4268646240234,344.898834228516,4666.23681640625,北
自然地形,NA,,1068.8779296875,29.0535144805908,487.493255615234,5003.5986328125,東
自然地形,NA,,76.1577301025391,17.9524974822998,189.309921264648,4775.6884765625,東
自然地形,NA,,331.360809326172,32.8785400390625,290.687957763672,4323.43896484375,東
自然地形,NA,,372.155883789062,1.29927837848663,20.084566116333,5240.2939453125,南
自然地形,NA,,486.621032714844,3.11901211738586,33.4219131469727,5247.4580078125,西
自然地形,NA,,564.358032226562,23.7236251831055,327.285095214844,4515.00927734375,南
自然地形,NA,,562.938720703125,29.9728126525879,238.145477294922,3845.96215820312,西
自然地形,NA,,688.839599609375,28.2771396636963,539.948181152344,3392.04541015625,東
自然地形,NA,,503.587158203125,7.60001420974731,81.16357421875,5266.40966796875,東
自然地形,NA,,70,35.6449241638184,280.585052490234,5310.853515625,北
自然地形,NA,,36.0555114746094,12.106840133667,291.097869873047,5093.50927734375,南
自然地形,NA,,402.243682861328,27.3190441131592,142.557708740234,5105.0869140625,東
自然地形,NA,,201.246109008789,36.1043968200684,192.385513305664,4563.427734375,西
自然地形,NA,,537.401184082031,30.9489803314209,122.875015258789,4554.7236328125,北
自然地形,NA,,278.028778076172,2.24531078338623,115.303283691406,5254.17626953125,西
自然地形,NA,,671.192932128906,28.6011180877686,613.367309570312,5371.41552734375,北
自然地形,NA,,60,14.3490161895752,128.217025756836,5214.71240234375,南
自然地形,NA,,655.515075683594,0.47348627448082,410.204132080078,5334.3603515625,北
自然地形,NA,,302.654907226562,34.0089149475098,118.083518981934,4478.84326171875,西
自然地形,NA,,330,26.0767402648926,520.3798828125,5145.9111328125,北
自然地形,NA,,413.400543212891,12.6601819992065,371.190124511719,5246.35107421875,西
自然地形,NA,,831.865356445312,17.5373725891113,230.530548095703,5101.05712890625,南
自然地形,NA,,482.700744628906,26.1056709289551,251.109085083008,5124.7392578125,南
自然地形,NA,,326.496551513672,12.1545782089233,434.634918212891,5314.376953125,西
自然地形,NA,,850,28.6799564361572,649.6201171875,5167.37353515625,東
自然地形,NA,,268.700592041016,19.2216701507568,69.42529296875,5091.36474609375,西
自然地形,NA,,470.106353759766,34.878662109375,646.473449707031,5045.54736328125,東
自然地形,NA,,438.406219482422,16.4136943817139,40.7093086242676,5246.63818359375,東
自然地形,NA,,20,28.8124198913574,253.180114746094,5174.21337890625,北
自然地形,NA,,169.705627441406,39.2928352355957,349.740600585938,3354.36645507812,北
自然地形,NA,,263.058929443359,32.6656341552734,159.92008972168,4798.41015625,西
自然地形,NA,,186.815414428711,22.2337417602539,43.369987487793,5219.46142578125,北
自然地形,NA,,532.353271484375,32.2348175048828,115.079246520996,5258.3681640625,南
自然地形,NA,,260,24.1215953826904,313.439544677734,5283.966796875,南
自然地形,NA,,332.866333007812,23.7265567779541,335.212219238281,5209.3642578125,東
自然地形,NA,,482.700744628906,29.4462394714355,306.582855224609,5293.7880859375,南
自然地形,NA,,70.7106781005859,4.30769538879395,224.934066772461,5245.65234375,南
自然地形,NA,,140,0.678182244300842,23.3783912658691,5247.79248046875,西
自然地形,NA,,527.73095703125,43.9880676269531,400.166198730469,4609.73681640625,東
自然地形,NA,,225.610275268555,27.010705947876,37.0363578796387,4940.8642578125,西
自然地形,NA,,172.626770019531,14.2406854629517,98.9184722900391,5220.10888671875,東
自然地形,NA,,990.353454589844,27.7813339233398,443.3857421875,5147.08349609375,北
自然地形,NA,,222.036041259766,18.5396308898926,541.446044921875,5126.75927734375,西
自然地形,NA,,258.069763183594,32.6547088623047,117.124725341797,4946.08642578125,東
自然地形,NA,,498.196746826172,41.5633811950684,705.291748046875,4099.046875,東
自然地形,NA,,888.425598144531,10.4327363967896,328.123321533203,5207.7099609375,南
自然地形,NA,,779.358642578125,23.0896949768066,610.402526855469,5050.82470703125,西
自然地形,NA,,78.1025009155273,29.0298099517822,376.142059326172,4990.154296875,西
自然地形,NA,,210.23796081543,16.2226123809814,353.250518798828,5145.56884765625,東
自然地形,NA,,308.707000732422,10.3448762893677,421.588287353516,5137.8896484375,西
自然地形,NA,,509.901977539062,20.1050987243652,105.093612670898,4227.81494140625,東
自然地形,NA,,100.498748779297,32.3697471618652,217.516418457031,4608.341796875,西
自然地形,NA,,533.104125976562,26.1973342895508,350.293884277344,5214.1328125,北
自然地形,NA,,727.804931640625,29.4287052154541,575.343078613281,5182.009765625,南
自然地形,NA,,429.418212890625,26.2926120758057,252.537460327148,5173.13671875,南
自然地形,NA,,970,23.7723693847656,368.67724609375,5287.583984375,西
自然地形,NA,,142.126708984375,30.1596260070801,319.030578613281,4777.53466796875,東
自然地形,NA,,60,13.0820922851562,689.745300292969,5361.1806640625,南
自然地形,NA,,427.2001953125,35.536735534668,318.578002929688,4600.908203125,東
自然地形,NA,,170.880065917969,33.9550895690918,169.276458740234,4897.544921875,西
自然地形,NA,,718.470581054688,28.4451293945312,754.119995117188,5285.611328125,南
自然地形,NA,,138.924438476562,9.36073875427246,301.842651367188,5307.193359375,西
自然地形,NA,,111.803398132324,37.053524017334,144.480590820312,3294.33642578125,北
自然地形,NA,,245.967483520508,39.2312126159668,300.479248046875,4898.2060546875,西
自然地形,NA,,344.818786621094,15.5774164199829,200.227188110352,4804.57763671875,東
自然地形,NA,,22.3606796264648,1.96484231948853,28.4374141693115,5246.93212890625,北
自然地形,NA,,339.411254882812,15.5726928710938,357.18994140625,5282.693359375,南
自然地形,NA,,290.688842773438,22.7805671691895,204.240325927734,4812.18994140625,南
自然地形,NA,,785.175170898438,30.9029788970947,390.082305908203,4834.26953125,東
自然地形,NA,,241.867736816406,36.8645896911621,38.5934715270996,4937.8935546875,西
自然地形,NA,,610,32.4247665405273,794.340637207031,4652.06396484375,西
自然地形,NA,,376.430603027344,22.9286727905273,185.020858764648,4779.7880859375,北
自然地形,NA,,620.080627441406,40.569694519043,257.550384521484,4035.45654296875,北
自然地形,NA,,336.154724121094,11.7202749252319,168.840377807617,4398.38720703125,北
自然地形,NA,,804.549560546875,9.11052513122559,444.598754882812,5339.541015625,北
自然地形,NA,,460.977203369141,31.7008972167969,550.171752929688,4612.173828125,西
自然地形,NA,,10,0.985845744609833,21.2754783630371,5246.994140625,北
自然地形,NA,,143.17822265625,25.0045967102051,187.084945678711,4968.55615234375,西
自然地形,NA,,28.2842712402344,0.882437407970428,20.641185760498,5261.65869140625,北
自然地形,NA,,282.842712402344,42.9764213562012,273.941650390625,4770.1669921875,東
自然地形,NA,,50,0.234209224581718,5.53449487686157,5241.72314453125,南
自然地形,NA,,295.296447753906,24.059928894043,176.414093017578,5293.5751953125,東
自然地形,NA,,414.004821777344,26.0913105010986,285.830902099609,4081.76977539062,北
自然地形,NA,,523.927490234375,26.051815032959,258.650482177734,5255.55126953125,東
自然地形,NA,,89.4427185058594,17.6034202575684,172.784439086914,5184.01318359375,南
自然地形,NA,,520,11.1459846496582,372.149230957031,5304.75439453125,南
自然地形,NA,,67.0820388793945,30.1079769134521,393.9365234375,5008.30029296875,東
自然地形,NA,,202.237487792969,15.3521699905396,226.693084716797,5216.5703125,南
自然地形,NA,,421.900451660156,7.00666570663452,20.0048789978027,5245.02099609375,西
自然地形,NA,,272.946868896484,18.4904327392578,115.789085388184,5182.181640625,西
自然地形,NA,,316.227752685547,40.1850738525391,318.703887939453,4828.40478515625,南
自然地形,NA,,329.848449707031,10.8762054443359,456.345306396484,5319.591796875,東
自然地形,NA,,20,2.14538216590881,68.8515472412109,5162.0888671875,西
自然地形,NA,,142.126708984375,15.4734945297241,33.7946929931641,5094.77490234375,西
自然地形,NA,,499.299499511719,30.6226062774658,351.697296142578,4806.02294921875,北
自然地形,NA,,451.220550537109,21.6360340118408,171.131576538086,5017.630859375,西
自然地形,NA,,172.626770019531,40.4250183105469,265.367004394531,5121.64404296875,西
自然地形,NA,,284.429260253906,5.58504962921143,83.5230331420898,5240.4365234375,東
自然地形,NA,,501.198577880859,16.6862468719482,207.437026977539,5272.08837890625,北
自然地形,NA,,183.847778320312,21.0643749237061,228.436904907227,5240.16162109375,南
自然地形,NA,,50,30.3326683044434,394.100036621094,5100.912109375,北
自然地形,NA,,254.950988769531,21.2597980499268,280.939910888672,5052.98193359375,西
自然地形,NA,,362.491394042969,1.72531676292419,89.2219772338867,5249.57470703125,南
自然地形,NA,,22.3606796264648,10.3620681762695,270.002014160156,4567.77490234375,西
自然地形,NA,,543.415100097656,11.9521522521973,322.455780029297,5294.36328125,北
自然地形,NA,,200,27.1651058197021,185.889465332031,4958.171875,西
自然地形,NA,,40,22.3571796417236,159.568267822266,5125.216796875,南
自然地形,NA,,305.941162109375,29.0109806060791,413.983673095703,5232.75439453125,南
自然地形,NA,,70.7106781005859,3.75600552558899,61.0580749511719,5266.94384765625,西
自然地形,NA,,166.433166503906,3.10655450820923,38.6576080322266,5176.46337890625,西
自然地形,NA,,358.050262451172,24.1261615753174,307.956817626953,5229.2265625,北
自然地形,NA,,36.0555114746094,12.8968591690063,140.352172851562,5186.1708984375,東
自然地形,NA,,776.208740234375,26.9953022003174,607.279357910156,4941.7841796875,東
自然地形,NA,,556.057556152344,24.2858810424805,569.050109863281,5014.013671875,東
自然地形,NA,,701.783447265625,25.7345027923584,201.700546264648,5100.08642578125,東
自然地形,NA,,791.012023925781,8.23933506011963,70.0456314086914,4540.33154296875,北
自然地形,NA,,205.182830810547,22.999490737915,22.6187801361084,5087.66259765625,北
自然地形,NA,,130.384048461914,2.04730081558228,80.6031951904297,5259.5361328125,西
自然地形,NA,,651.920227050781,31.4427852630615,343.996490478516,4799.4404296875,東
自然地形,NA,,40,32.2071113586426,64.0099334716797,5086.03466796875,北
自然地形,NA,,386.005187988281,15.1491813659668,129.532012939453,4946.5556640625,東
自然地形,NA,,714.212890625,14.0986309051514,130.031845092773,5280.64501953125,北
自然地形,NA,,64.0312423706055,36.9865226745605,131.797790527344,4308.638671875,東
自然地形,NA,,813.449462890625,16.2098140716553,979.217102050781,5387.85693359375,北
自然地形,NA,,650,39.2775573730469,36.9621429443359,2481.95288085938,北
自然地形,NA,,530.848388671875,31.1634216308594,403.293701171875,4603.35791015625,西
自然地形,NA,,50,28.880521774292,187.185165405273,4981.6455078125,東
自然地形,NA,,106.301460266113,33.3090286254883,206.909027099609,4952.3876953125,西
自然地形,NA,,148.660690307617,40.8260688781738,135.365600585938,4531.80078125,東
自然地形,NA,,1532.12268066406,40.1366691589355,568.683837890625,4077.67724609375,西
自然地形,NA,,951.262268066406,36.4678955078125,259.069366455078,5261.53662109375,北
自然地形,NA,,295.465728759766,31.61203956604,188.441604614258,5113.3212890625,南
自然地形,NA,,312.410003662109,3.18120408058167,68.0934448242188,5204.52587890625,西
自然地形,NA,,58.3095169067383,45.7658271789551,192.831695556641,4256.85595703125,東
自然地形,NA,,64.0312423706055,2.70179867744446,26.3095722198486,5227.4365234375,東
自然地形,NA,,449.444091796875,7.65030860900879,103.096160888672,4933.6474609375,南
自然地形,NA,,627.694213867188,27.8422336578369,175.615936279297,4692.7265625,西
自然地形,NA,,210.23796081543,35.0585861206055,197.462661743164,4553.26513671875,北
自然地形,NA,,201.246109008789,1.29031646251678,5.2333664894104,5241.43505859375,北
自然地形,NA,,84.8528137207031,31.6367855072021,248.402374267578,5199.34765625,南
自然地形,NA,,396.988677978516,36.6142959594727,54.9216842651367,4297.60400390625,東
自然地形,NA,,58.3095169067383,15.0557689666748,225.387908935547,5270.45458984375,南
自然地形,NA,,570.087707519531,17.5162086486816,354.833068847656,5266.86474609375,南
自然地形,NA,,537.587219238281,29.5017013549805,253.238616943359,5210.9833984375,北
